0,0,0,0,0,0,0,0,0.0516072039585136,0,0,0.0752042815756851,0,0,0,0,0,0,0.0573720681892521,0,0,0,0,0,0,0,0,0,0,0,0,0,0,0,0,0,0,0,0,0,0,0,0.0858859595330412,0,0,0,0,0,0,0,0,0,0.0593229633665372,0,0,0.0996995714696469,0,0.0544141822826959,0,0,0,0,0,0,0,0,0,0,0,0,0,0,0,0,0,0,0,0,0.096498012085484,0,0,0,0,0,0,0,0,0,0,0.0879647382929226,0,0,0,0,0,0,0.0957758752122534,0,0,0
0,0,0,0,0,0,0,0,0,0.0729368036206481,0.0994131527931092,0,0,0,0,0,0,0.0989404412636372,0,0,0,0,0.0694039355138264,0,0,0,0,0,0,0,0,0,0,0,0,0,0,0,0,0,0.0933584339138115,0,0,0,0,0,0,0,0,0,0,0,0,0,0,0,0,0,0,0,0,0,0,0,0,0,0,0,0,0,0,0,0,0,0,0,0,0,0,0.0852179295758659,0,0,0,0,0,0.0842397294996068,0,0,0,0,0,0,0,0,0.08488660013767,0,0.0684342139597811,0,0.0903830514696883,0
0,0,0,0,0.0703356267540362,0,0,0,0,0.0797839018042551,0,0,0,0,0,0,0,0,0,0,0,0,0,0,0,0,0,0,0,0,0,0,0,0,0.0961494194497224,0,0,0,0,0,0,0,0.0904208523704046,0.0885520321651369,0,0,0,0,0,0,0.0698919042457672,0,0,0,0,0,0,0,0,0,0,0,0,0,0.0673201062287166,0,0,0.0666706346093157,0,0,0,0.0703528347526665,0,0,0,0,0,0,0,0,0,0,0,0,0,0,0,0,0,0,0.0872831527798567,0,0,0,0,0,0,0,0,0
0,0,0,0,0,0,0,0,0.0855405538130114,0,0,0,0,0,0,0,0,0,0,0,0,0,0,0,0,0,0.0676572283955056,0,0,0,0.0529051655043572,0,0,0,0.0759175405621231,0,0,0,0,0,0,0,0,0,0,0,0,0,0,0,0.0761904589796739,0,0,0,0,0,0,0.0503168835221965,0,0,0,0,0,0,0,0,0,0,0,0,0.0970483579141995,0,0,0,0,0,0,0,0,0,0,0,0,0,0.05038154783328,0,0,0,0,0,0,0,0,0.0858168922356332,0,0,0.0661157779650568,0,0,0
0,0,0,0,0,0,0,0,0,0,0,0,0,0,0,0,0,0,0,0,0,0.0843647789879321,0,0,0,0,0,0,0,0.0812463098555649,0,0,0,0,0.0669574189839787,0,0,0,0,0,0.0617716546429782,0,0,0,0,0,0,0,0,0,0,0,0,0,0,0.0631825160526891,0.0642169026791097,0,0.0519957948288022,0,0,0,0,0,0,0.063586409443076,0,0,0,0,0,0,0,0.099848921419533,0,0,0,0,0,0,0,0,0,0.0689609697241171,0,0,0,0,0,0,0,0,0,0,0,0,0,0,0,0
0,0.0618414054062626,0,0,0,0,0,0,0.098604063117051,0,0,0,0,0,0.0942206414625221,0,0,0,0,0,0,0,0,0,0,0.0814796328465406,0,0,0,0,0,0,0,0,0.0813729690181861,0,0,0,0,0,0,0,0.0922850460686421,0,0,0,0,0,0,0,0,0,0,0,0,0.0786063399454278,0,0.0604020928043998,0,0,0,0,0,0,0,0,0,0,0,0,0,0,0,0,0,0,0,0,0,0,0,0.0943229913968504,0,0,0,0,0,0,0,0,0,0.0668008149966318,0,0,0,0,0,0,0,0
0,0,0,0,0,0.0932694210903866,0,0,0,0,0,0,0,0,0,0.0940685141388492,0,0,0,0,0,0,0,0,0,0.0566017593614818,0,0,0,0,0,0,0,0,0,0,0,0,0,0,0,0,0,0,0,0,0,0,0,0,0,0,0.0730707625056813,0,0,0,0,0,0,0.0914327993322034,0,0,0.0558173906918884,0,0,0,0,0,0,0.0832505953456768,0,0,0,0,0,0,0,0,0,0,0,0.0976726509985288,0,0,0,0,0,0,0,0,0,0,0,0,0,0.0814668541493831,0,0,0,0.060237902343242
0,0,0,0,0,0,0,0,0,0,0,0,0.0864803032725956,0,0,0,0,0.0731185831979458,0,0,0,0,0,0,0,0,0,0,0,0,0,0,0,0,0,0,0,0,0,0,0.0931073524093295,0,0,0,0,0,0,0,0,0,0,0.0642855127606535,0,0,0,0.0850369522012277,0.0751371669596508,0,0,0,0,0.0703420192513389,0.0705986022554511,0,0,0,0,0,0,0,0,0,0,0,0,0,0,0,0,0,0,0,0.0977925161970933,0,0,0,0,0,0,0,0,0,0,0,0,0,0,0,0,0.0940964883936962
0,0,0,0,0,0,0.0644306099540014,0,0,0,0,0,0,0,0,0,0.0744641587695156,0,0,0,0,0,0,0,0.0603043952343417,0,0,0,0,0,0,0.0696204957582041,0,0,0,0,0,0,0,0,0,0,0,0,0,0,0.0661325679624565,0,0,0,0.0935927693927165,0,0,0,0,0,0,0,0,0.0584568688920804,0,0,0,0,0.0531863212685357,0,0,0,0,0,0,0,0,0.0863846019261961,0,0,0,0,0.0968809238190248,0,0,0,0,0,0,0,0,0,0,0,0,0,0,0,0,0,0,0,0,0
0,0,0,0,0,0,0,0,0,0,0,0,0,0.0840016353443246,0,0,0,0,0,0,0,0,0,0,0,0,0,0,0,0,0,0,0,0,0,0,0,0,0.09721799065057,0,0,0,0,0,0,0,0,0.0729875841670901,0,0,0.0594524764012848,0,0,0,0,0,0,0,0,0,0,0,0,0,0,0.0980413487775164,0,0,0.090397302323336,0,0,0,0,0,0,0,0,0,0,0,0,0,0,0.0651351340076299,0,0,0,0,0,0,0,0,0,0.09310979959642,0,0.0915635965704792,0.0680306283132979,0,0,0
0,0,0,0,0,0,0,0,0,0,0,0,0,0,0.0679059801623244,0,0,0,0,0,0,0,0,0,0.0608323814473329,0,0.0657991660583458,0,0,0,0,0,0,0,0,0,0,0,0,0,0,0.0843178761627637,0,0,0,0,0,0,0.0871753918217688,0,0,0,0.0518207882070958,0,0,0,0.0942102666971451,0,0,0,0,0,0,0,0,0.0777090223776697,0,0,0,0,0,0,0,0,0.0677930972121253,0,0,0,0,0,0,0,0,0.0788675550743299,0,0,0,0,0,0,0,0,0,0,0,0,0,0,0,0
0,0,0,0,0,0.0606881239068387,0,0.0896961544861185,0,0,0,0,0.0749540996071911,0,0,0,0,0,0,0.091914417551744,0,0,0,0,0,0,0,0,0,0,0,0,0,0,0,0,0,0,0,0,0,0,0.0674097628512247,0,0,0,0,0,0,0,0,0,0,0,0,0,0,0,0,0,0,0,0.0855021655643412,0,0,0,0,0,0.090283811518425,0,0.0518210913371331,0,0.0618217090902305,0,0,0,0,0,0,0,0,0,0,0.0577645747993427,0,0,0,0,0,0,0,0,0,0,0,0,0,0,0,0
0,0,0,0,0,0,0,0,0.0874159359892747,0.0909213401872395,0,0,0,0.0677582695325665,0,0,0,0,0,0.0605367954566846,0,0,0,0,0,0,0,0,0.0880232970444873,0,0,0,0,0,0,0,0,0,0,0,0,0,0,0,0,0,0,0,0,0,0,0,0,0,0,0,0,0,0,0,0,0,0.0793403070775805,0,0,0,0,0,0,0.0921151161026017,0,0.069921246220077,0,0,0,0.0834711783978203,0,0,0,0,0,0,0,0,0,0,0,0,0.0546478293398917,0,0,0,0,0,0,0,0,0,0,0
0,0,0,0,0.0819994475957972,0,0,0,0.0988218684291751,0,0,0,0,0,0,0,0,0.0507705512709229,0,0,0,0,0,0,0,0,0,0,0,0,0,0.0616480509686346,0.0974784061417164,0,0,0,0.0727663280030437,0,0,0,0,0,0,0,0,0,0,0,0,0,0,0,0,0,0,0,0,0.0521723320886218,0,0,0,0,0,0,0,0,0,0.0744405604649073,0,0,0,0,0,0,0,0,0,0,0,0,0,0,0,0,0,0.0761827951027634,0,0,0,0,0,0,0,0,0.0534395489619558,0,0,0,0,0
0,0,0,0,0,0,0,0,0,0,0,0,0,0.0803002228079913,0,0,0.0619395974377742,0,0,0.0758909681828572,0,0,0,0,0,0,0,0.076906005641413,0,0,0,0,0,0,0,0,0,0,0,0,0.0721748936584563,0,0,0,0,0,0,0.0662103739102328,0,0,0,0,0,0,0,0,0,0,0,0,0,0,0,0,0,0.0560875938392171,0,0,0,0,0,0,0,0,0,0,0,0,0,0.0802407067231411,0,0,0,0,0,0,0,0,0,0,0,0,0,0.0816068835379245,0,0,0,0,0.094471128034188,0
0,0.0972021520452341,0,0,0,0,0,0,0,0,0,0,0,0,0,0,0,0,0,0,0,0,0.0856738535484726,0.0876625144208777,0,0,0.073020538261989,0,0,0,0,0,0,0,0,0,0,0,0.0619325007614626,0,0,0,0,0,0,0,0,0,0,0,0,0,0.0613829871761718,0,0,0,0,0,0,0,0,0,0,0,0,0,0,0,0,0,0,0,0,0,0,0,0,0,0,0,0.0816975214742726,0,0,0.0632683749378364,0,0,0,0,0,0.0810514381210064,0,0,0,0,0.0514758049704623,0,0,0,0,0
0,0.0807087954685662,0,0.0819641301530036,0,0,0.062012343523422,0,0,0,0,0,0,0,0,0,0,0,0,0,0,0.0979398118468244,0,0,0,0,0,0,0,0,0,0,0,0,0,0,0,0,0,0,0,0,0,0,0,0,0,0,0,0,0,0,0,0,0,0,0,0,0,0,0,0,0,0.0772185303173066,0,0,0,0,0,0,0.0540675633961155,0,0,0,0.0790588803471286,0,0,0,0,0,0,0,0,0,0,0,0.0540187216563066,0,0.088439033575968,0,0,0,0,0,0,0,0,0,0.0955137743767555,0
0,0,0,0,0.0514482109838279,0,0,0,0,0,0,0,0,0,0,0,0,0,0,0.0814259051924175,0,0,0,0,0,0,0,0,0,0,0,0,0,0,0.0811546490580551,0,0,0,0,0,0.0871344749046497,0,0,0,0,0,0,0,0,0,0,0,0.0796495239706461,0,0,0,0,0,0,0,0,0,0.0903037678913769,0,0,0,0,0,0,0,0,0,0.0951131700894415,0,0,0,0,0.092757717796026,0.0626874424490688,0,0,0,0.0947999077469991,0,0,0,0,0,0,0,0,0,0,0,0,0,0,0,0,0
0,0,0,0.0850385410588383,0,0,0,0.0837168886528543,0,0,0,0,0,0,0,0,0,0,0,0,0,0,0,0,0,0,0,0,0,0,0.0797968969793563,0,0,0,0,0,0,0,0,0,0,0,0,0,0,0,0,0.0664608769549044,0,0,0,0,0,0,0,0,0,0,0,0,0,0,0.0901194192864074,0,0,0.0800995696566312,0,0,0,0,0,0,0,0.0637643411856087,0,0,0,0.0644140221007348,0,0,0.0688314094888723,0.0778653350095222,0,0,0,0,0,0,0,0,0,0,0,0,0,0,0,0,0,0
0,0,0,0,0,0,0,0,0,0.0563430141397415,0,0,0,0,0,0,0,0,0,0,0,0,0.0718530012467975,0,0,0,0.0615000244096958,0.0972724263006811,0,0,0,0,0,0,0,0,0,0,0,0.0730215465310349,0,0,0,0,0,0,0,0,0.0767361412887423,0,0,0,0,0,0.0680271776101693,0,0,0,0,0,0,0,0,0,0,0,0,0,0,0,0,0,0,0,0,0,0,0,0,0,0,0,0,0,0.0891970695890512,0,0,0,0,0,0.0835329394637386,0,0,0,0,0,0.0755302244917462,0,0,0
0,0,0,0.0575989055190922,0,0,0,0,0,0,0,0,0,0,0,0,0,0,0,0,0,0,0,0,0,0,0,0,0,0,0,0.0987049328974491,0,0.0904943623580898,0,0,0,0,0,0.092510134613102,0,0,0,0,0,0.0919917514176989,0.0678684824257217,0,0,0,0,0,0,0,0,0,0,0,0,0.0713725346128049,0,0,0,0,0,0,0,0,0,0.0566419221982669,0,0,0,0,0,0,0,0,0,0,0,0,0,0,0,0,0,0,0,0,0,0,0,0,0.0941839697964173,0,0,0.0936394098765706,0,0
0,0,0.0599339004612023,0,0,0,0,0,0,0,0,0,0,0,0,0,0.0716327315543003,0,0,0,0,0,0,0,0,0,0,0,0,0.0787504060017929,0,0,0,0,0.0894611141506041,0,0,0,0,0,0,0,0,0.0671394056958365,0,0,0,0.0943502545813913,0,0,0,0,0,0,0,0.0764239137826313,0,0,0,0,0,0,0,0,0.0791620399919698,0,0,0,0.0887102508551974,0,0,0,0,0,0,0,0.0922614537502826,0,0,0,0,0,0,0,0,0,0,0,0,0,0,0,0,0,0,0,0,0,0,0
0,0,0,0,0,0,0,0,0,0,0,0,0,0,0,0,0,0,0,0,0,0,0,0,0,0,0,0,0.0960794394244382,0,0,0,0,0,0,0,0,0,0,0.0971090068537814,0,0,0,0.0723377335123446,0.0717087506518165,0,0,0,0.0927757938287934,0,0,0,0,0,0,0,0,0,0,0,0.09802687828651,0,0,0,0,0,0,0,0.0674050368854185,0,0,0,0,0,0,0,0,0,0,0.0664580633598409,0,0,0,0.0609558064925583,0,0,0,0,0,0.084150823161001,0,0,0,0,0,0,0,0,0,0
0,0,0,0,0,0,0,0,0,0.0792025965876837,0,0,0,0.0947308080405735,0.0849112835957148,0,0,0,0,0,0,0,0,0,0,0,0,0,0,0,0,0,0,0,0,0,0,0,0,0,0,0,0,0,0,0,0,0,0,0,0,0,0,0.0582161801723601,0.0770895878136234,0,0,0,0,0,0,0,0,0,0.068127163713918,0,0,0,0,0,0,0,0.0634421353369245,0,0,0.0918493363383906,0,0,0,0,0,0,0,0,0,0.0996968614319961,0,0,0,0,0,0,0,0,0,0.0587024846495328,0,0,0,0
0,0,0,0.0622347591950697,0,0,0,0,0,0,0,0,0,0,0,0.0741077736973619,0,0,0,0,0,0,0,0,0,0,0,0,0,0,0.0871663826283414,0,0.0993685279609689,0,0,0,0,0,0,0.098446297949031,0.0708901296894194,0,0,0,0,0,0,0,0,0.0723475139494345,0,0,0,0,0.0828054569388785,0,0,0,0,0,0,0,0,0,0,0,0,0,0,0,0,0,0,0,0.0550899599129286,0,0,0,0,0,0,0,0,0,0,0,0.0731216078200532,0,0,0,0,0,0,0,0,0,0,0,0,0
0,0,0,0,0,0,0.0956907818899771,0,0,0,0,0,0,0,0,0,0,0.0507397859231865,0,0,0,0,0,0.0660460979338956,0,0,0,0,0,0,0,0,0,0,0,0,0,0,0,0,0.0647377446314716,0,0,0,0,0,0,0,0,0.0655348581864672,0,0,0,0,0,0,0,0,0,0,0,0,0,0,0,0,0,0,0,0,0,0.0811072390360274,0,0,0,0,0.0703520226148489,0,0,0.0958128011179376,0,0,0,0,0.095701826960082,0,0,0.0638396413620594,0,0,0,0,0,0,0,0,0,0,0,0
0,0,0,0,0.0752311387343307,0,0,0,0,0,0,0,0,0,0,0,0,0,0,0,0,0,0,0,0,0,0,0,0,0.0518729765254675,0,0,0,0,0,0,0.099840355946643,0,0,0.0686527404377265,0,0,0,0,0,0,0,0,0,0,0,0,0,0,0,0,0,0.0543180784727298,0,0,0.0781759868913749,0,0,0,0,0,0,0,0,0,0.053812323855476,0,0,0,0,0,0.0731425375650483,0,0,0,0.0593923407329379,0,0,0,0,0,0,0.0624692568908123,0,0,0,0,0,0,0,0,0,0,0,0
0.0908244633725386,0,0,0,0,0,0,0,0,0,0,0,0,0,0,0.0931442647250906,0,0,0,0,0,0,0,0.0805137208278312,0,0,0,0,0.0655838737136966,0,0.0695176920800453,0,0,0,0,0,0,0,0,0,0,0,0,0,0,0,0,0,0,0,0,0.0936116028862218,0,0,0,0.0658541130489481,0,0,0,0,0,0,0,0,0,0,0,0,0,0,0,0,0,0,0,0,0,0,0,0,0,0,0.0999065815876713,0,0,0,0,0.0660685062394238,0,0,0,0,0,0,0,0,0,0,0,0.0535216905673392
0,0,0,0,0,0,0,0,0,0.0515991272820881,0,0,0.076072593438679,0,0,0,0,0,0,0,0,0,0,0,0,0,0,0,0,0,0,0,0,0.0508488770745108,0,0,0,0,0,0,0.090631094774852,0,0,0,0,0,0,0,0,0,0,0.0990245611590981,0,0,0,0,0,0,0,0,0,0,0.0668805883871635,0.0764048614867976,0,0,0,0,0,0,0,0,0,0,0,0,0,0.0767274593490951,0,0,0,0,0,0,0.0681562544434964,0,0,0,0,0,0,0.0691929820853824,0,0,0,0,0,0,0,0
0,0,0,0,0,0,0,0,0,0,0,0,0,0.072594921496453,0,0,0.0913480239923015,0,0.0829343192148989,0.0821510761926046,0.0695060988959972,0,0,0,0.0658654705494255,0,0,0,0,0,0,0,0,0,0,0,0,0,0,0,0,0,0,0.0999578552348322,0,0,0,0,0,0,0,0,0,0,0,0.0546206078942409,0,0,0,0,0,0,0,0,0,0,0.0592521567110149,0,0,0,0,0,0,0,0,0,0,0,0,0,0,0,0,0,0,0,0,0.0738120312639819,0,0,0,0,0,0,0,0,0,0,0,0
0.0581953398558215,0,0,0,0,0,0,0.0678375547582419,0,0,0,0,0.099481451682638,0,0,0,0,0,0,0.072186754664332,0,0,0,0,0.095279972652254,0,0.071344448360731,0,0,0,0,0,0,0,0.0551977137988147,0,0,0,0,0,0,0,0,0,0,0,0,0,0,0,0,0,0,0,0,0,0,0.0881162451246843,0,0.0914590305601045,0,0,0.0832375421036119,0,0,0,0,0,0,0,0,0,0,0,0,0,0,0,0,0,0,0,0,0,0,0,0,0,0,0,0,0,0,0,0,0,0,0,0,0
0,0,0,0,0,0,0,0.0993047409125891,0,0,0,0,0,0.09848958272674,0,0,0,0,0,0,0,0,0.0970551638337953,0,0,0.0578008303970217,0,0,0,0,0,0,0,0,0,0,0,0,0,0,0,0,0,0,0,0,0,0,0,0,0.0861279887909531,0,0,0,0,0,0,0,0.0929360567354942,0,0,0,0,0,0,0,0,0,0,0,0.0897325923713486,0,0,0,0.0773387448047748,0,0,0,0,0,0,0.0900656822141122,0,0,0,0,0,0,0.0816839066791644,0,0,0,0,0,0,0,0,0,0,0
0,0,0,0,0,0,0,0,0,0,0,0,0,0,0,0,0,0,0,0.0532734779500345,0,0,0.0721868308857249,0,0,0,0,0,0,0,0,0.0800440897145701,0,0,0.064899229017553,0,0,0,0.066331967781501,0,0.0677908285093869,0,0,0,0,0,0.0998467331347577,0,0,0,0,0,0,0,0,0,0,0,0,0.065506207206359,0,0,0,0,0,0,0,0,0,0,0.096700059470335,0,0,0,0,0,0,0,0,0,0,0,0,0,0,0,0,0,0,0,0,0,0,0,0,0,0,0,0.0741349804862051,0
0,0,0,0,0,0,0,0,0,0,0,0,0,0,0,0,0,0,0.0934042339364004,0,0,0,0,0,0,0,0,0,0.0620112506504886,0,0,0,0,0,0,0,0.0974650845923277,0,0.0717923590313104,0,0,0,0,0,0,0,0,0,0,0,0,0,0,0.0706094545340047,0,0,0,0,0,0.0973963159401946,0,0,0,0,0,0,0.0817279613086764,0,0,0,0,0,0,0,0,0,0,0,0,0,0.0970235883869615,0,0,0,0,0.0840252499089124,0,0,0,0,0,0,0.0724387278594549,0,0,0,0,0,0,0
0,0,0,0,0,0.0510522528388639,0,0,0,0,0,0,0,0,0.0775454617684513,0,0,0,0,0,0,0,0,0,0,0,0.0891191553328896,0,0,0,0,0,0,0,0,0,0,0,0.0702645569700799,0,0,0,0,0,0,0,0,0,0,0,0,0,0,0,0,0,0,0,0,0,0,0,0,0,0,0,0.0984494408411156,0,0,0,0,0,0,0.0996048766488881,0.0929986056431112,0,0,0,0.0652521219043266,0,0,0,0,0,0,0.0839140773228992,0,0,0,0,0.0983398834685009,0,0,0,0,0,0,0,0,0
0,0.0703172013143586,0.0953135791455519,0,0,0,0,0,0,0,0,0,0,0,0,0,0,0,0,0,0.0531016589830889,0,0.0552438954542362,0,0,0,0,0,0,0,0,0.0520664645706565,0,0,0,0,0,0,0,0.0742161870928915,0,0,0,0,0,0,0,0,0,0,0,0,0,0.0641607334588293,0,0,0,0,0,0,0,0,0,0,0,0,0,0,0,0,0,0,0,0,0,0,0.0739573589071258,0.092418146596071,0,0.0865450027255257,0,0,0,0,0,0,0,0,0,0,0,0,0,0,0,0,0,0,0,0
0,0,0,0,0,0,0,0,0,0,0,0.0501739635702306,0,0,0.0734393063574438,0,0,0,0,0,0,0,0,0,0,0.0743455327638815,0,0,0,0,0,0,0,0,0,0,0,0,0,0,0,0,0,0,0,0,0,0.0980716097742469,0,0,0.0609973192576123,0,0.0832347610224623,0,0,0,0,0,0,0,0,0,0,0.0520575291895574,0,0.084110127376034,0,0,0,0,0,0,0,0,0,0,0,0,0,0,0.0983345548512104,0,0,0,0,0,0,0,0,0.0919061585628534,0,0,0,0,0,0,0,0,0,0
0,0,0,0,0,0,0,0,0,0,0,0,0,0,0,0,0,0.0986733903880488,0.0517425549242066,0,0,0,0,0,0,0,0,0,0,0.0895833319622862,0,0,0,0,0,0,0,0,0,0,0,0,0,0,0.0701331456468858,0,0,0,0.0691918414454292,0,0,0,0,0.0642139085078782,0,0,0,0,0,0,0,0,0,0,0,0,0,0,0,0,0,0,0,0.0802995281967261,0,0,0,0,0.0922933967947774,0,0,0,0,0,0,0,0,0,0,0,0.0853365316997941,0.084392184014283,0,0,0,0,0,0,0,0
0,0,0,0,0,0,0,0,0,0.0576229086683026,0.0864264411451295,0,0,0,0,0,0,0,0,0,0,0.0838971578370592,0,0,0,0,0,0,0,0,0,0.0794863613763352,0,0,0,0,0,0,0,0,0,0,0.0839977717204738,0.0651257903796738,0,0,0,0,0,0.0983859819777765,0,0,0,0.0588271873833275,0,0,0,0,0,0,0,0,0,0,0,0,0.0769764120892879,0,0,0,0,0,0,0,0,0,0,0,0,0,0,0,0,0,0,0,0,0,0,0,0,0,0,0,0,0,0,0,0,0.0524396455232582
0,0,0,0,0,0,0,0,0,0,0,0.0987286380460462,0,0,0,0,0,0,0,0,0,0,0,0.0684835310685403,0,0,0,0,0,0,0.0637972953520806,0,0,0,0.0826095142824904,0,0,0,0,0,0,0,0,0,0,0.0716536527441111,0,0,0,0,0,0,0,0,0.0900007151783635,0,0,0,0,0,0,0,0,0,0,0,0,0,0,0,0,0.0949407855901178,0,0,0.0795526347067392,0,0,0,0,0,0,0,0,0,0,0,0,0,0,0,0,0,0.0994522550918768,0,0,0.0624958497551309,0,0,0,0
0,0,0,0,0,0,0,0,0,0.0602182522617228,0.0634230599064081,0,0,0,0,0.0652758680885218,0.0805975162371579,0,0,0,0,0.0704909544094738,0,0,0,0,0,0,0,0,0,0,0.0879046490183602,0,0,0,0,0,0,0,0,0,0,0,0,0,0,0,0.0730612778306754,0.0979802819928029,0,0.0790838827096213,0,0,0,0,0,0,0,0,0,0,0,0,0,0,0,0,0,0,0,0,0,0,0,0,0,0,0,0,0,0,0,0,0,0,0,0.0998398690427349,0,0,0,0,0,0,0,0,0,0,0,0
0,0,0,0.0893420728441847,0,0,0,0,0,0,0,0,0,0,0,0,0,0,0,0,0,0,0,0,0,0.069950803840725,0,0.0929379298007017,0,0,0,0,0,0,0,0,0,0,0,0,0,0,0,0,0,0,0,0,0,0,0,0,0.0674421484320049,0,0,0,0,0,0,0.0695334064012502,0,0,0.0893934314858902,0,0.0808161258749732,0,0,0,0,0,0,0,0,0,0,0.0926335728241331,0,0,0,0,0.0711844929916076,0,0,0.0989438417923922,0,0,0,0,0,0,0,0,0,0,0,0,0,0,0,0
0,0,0,0,0.0767670364422841,0,0.0904930808271706,0,0,0.0605095767657985,0,0,0,0,0,0,0,0,0,0.0827023764399551,0,0,0,0.0543577664868828,0,0,0,0,0,0,0,0,0,0,0,0,0,0,0,0.0678160796501859,0,0,0,0,0,0.0692671698716048,0,0,0,0,0,0,0,0,0,0,0,0,0,0.0753425643278089,0,0,0,0,0,0,0,0,0,0,0.0503120168312996,0,0,0,0,0,0,0,0,0,0,0,0,0,0,0,0,0,0.0949067948480665,0,0,0,0,0,0,0,0,0,0,0
0,0.0878425187416889,0,0,0,0,0,0,0,0,0,0,0,0,0,0,0,0,0,0,0,0,0,0,0,0.0691867923838,0,0,0,0,0,0,0,0.0806903135858645,0,0,0.0624610006228283,0,0,0,0,0,0,0,0,0,0,0,0,0,0,0,0,0.0748486991069673,0,0,0,0.0847784467079178,0,0,0,0,0,0,0,0,0,0,0,0,0,0,0,0,0,0,0,0,0.0721657642340312,0,0,0,0,0,0,0,0,0.0633493380393389,0,0,0,0.0863518819297144,0,0.0578075268977416,0,0,0,0,0,0
0,0,0,0,0,0,0,0,0,0,0.0915015632341797,0,0,0,0,0,0,0,0.0958754519228367,0,0,0,0,0,0,0,0,0,0,0,0,0,0,0,0,0,0,0.0780253268459731,0,0,0,0,0,0,0,0.0758225643747829,0.0549963684430095,0,0.0976147652357494,0,0,0,0,0,0,0,0,0,0,0,0,0,0,0.0672289025330606,0,0,0,0.0776295477686231,0,0,0,0,0,0,0,0,0,0,0,0,0.0589415889230636,0,0,0,0,0,0,0.0757498789199194,0,0,0,0,0,0,0,0,0,0,0,0
0,0,0,0,0,0,0,0,0,0.065856719838727,0,0,0,0,0,0,0,0,0,0.086796084682406,0.0973735234903356,0,0,0,0,0,0,0,0,0,0,0,0,0,0,0,0,0,0,0,0,0,0,0,0,0,0,0,0.052303492631313,0,0,0,0,0,0,0,0.0725129549167483,0,0,0,0,0.0752654789004452,0,0,0,0,0.0888008917303729,0,0,0,0,0,0,0,0,0,0,0,0.0707715040892007,0,0.0853051071035341,0,0,0,0,0,0,0,0.0813514064967019,0,0,0,0,0,0,0,0,0,0,0
0,0,0,0,0,0,0,0,0,0,0,0.0566325788182355,0.0528807032908779,0,0,0,0,0,0,0,0,0,0,0,0,0,0,0.0539279357541398,0,0,0,0,0,0,0.0572356402360567,0,0,0,0,0,0.0900819841809292,0.0622297548266293,0,0.0872787971640728,0.0798280431193195,0,0,0,0,0,0,0,0,0.0799449979640423,0,0,0,0,0,0,0,0,0,0,0,0,0,0,0,0,0,0,0,0,0,0,0,0,0,0,0,0,0,0,0,0,0.097319667071307,0,0,0,0,0,0,0,0,0,0,0,0,0
0,0,0,0,0,0,0,0,0,0,0,0,0.070214164787651,0,0,0,0.0735008898306378,0,0,0,0,0,0,0,0,0,0,0,0.0649966557233029,0,0,0,0,0,0,0,0,0.0567409470850789,0,0,0,0,0,0,0,0,0,0,0,0,0,0.0658285571093255,0,0,0,0,0,0,0,0,0,0,0,0,0,0.0593857392001994,0,0.06416373088367,0,0,0,0,0.0737324175419402,0,0,0,0,0,0,0,0,0,0,0,0,0,0,0,0.0852399930566366,0,0,0,0,0,0,0,0.084075682030131,0,0,0
0.0588233515970944,0,0,0,0,0.0522311390762342,0.0977044432924103,0,0,0,0,0,0,0,0,0,0,0,0,0,0,0,0,0,0,0,0,0,0.0910877046989175,0,0,0,0,0,0.0877515970877486,0,0,0,0,0,0,0,0,0,0,0.0726170633494686,0,0,0,0,0,0,0,0,0,0,0.0743507566636988,0,0,0,0,0,0,0,0,0,0,0,0,0,0,0,0,0,0,0.0972224668964181,0,0,0.0678088875712202,0,0.0830099663023556,0,0,0,0,0,0,0,0,0,0,0,0,0,0,0,0,0,0,0
0,0,0.0708392353340168,0,0,0,0,0,0,0.080761797873695,0,0,0,0,0,0,0,0,0,0,0,0,0,0,0,0,0,0,0,0.0775219170100011,0,0,0,0,0,0,0,0,0,0,0,0,0,0,0,0.0931188724024218,0,0,0,0,0,0,0,0,0,0,0,0,0,0,0,0,0,0,0,0,0,0,0,0,0,0,0,0,0,0.0684911609303693,0,0,0,0,0.0621146022519807,0,0,0,0,0,0,0.073346193948289,0,0,0,0.0889711306795826,0,0,0.0548652532923064,0.0824986469752203,0,0,0,0
0,0,0,0,0,0,0,0,0,0,0,0,0,0.0669924947121038,0,0,0,0,0,0,0,0,0,0,0,0.0872647296872507,0,0,0,0,0.0976576868498959,0,0,0,0,0,0,0,0,0,0,0.0674706419522222,0,0,0,0,0,0,0,0,0,0,0,0,0,0,0,0.0798592724622585,0.0621914507348339,0,0,0,0,0,0,0,0,0.0773309022331757,0,0,0,0,0,0,0.0996055755260924,0,0,0,0,0,0,0,0,0,0,0,0,0,0,0.089595096920694,0,0,0,0,0,0,0,0,0,0.0920544378561507
0,0,0,0,0.0973986227114286,0,0,0,0,0,0,0,0,0,0.092153431252301,0,0,0,0,0,0,0,0,0,0,0.0666414740547279,0,0,0,0,0,0,0,0,0,0,0,0,0.0678427880359691,0,0,0.0561518539174625,0,0,0,0,0,0,0,0.0758128095338834,0,0,0,0,0,0,0,0,0,0,0,0,0,0,0.0527160356400823,0,0,0,0,0,0,0,0,0,0,0.0751052016695998,0,0.0631547326647101,0,0,0,0,0,0,0,0,0,0,0,0,0,0,0,0,0.0909889569727284,0,0,0,0,0
0,0,0,0,0,0,0,0,0,0,0,0,0,0,0,0,0,0,0,0,0,0,0,0,0.0540149266650359,0,0,0,0,0,0,0,0,0,0,0,0,0,0,0,0,0.0989794542659134,0,0,0,0,0,0.0509248524542272,0,0,0.0700061758517563,0,0,0,0,0,0,0,0.090106504595663,0,0.0726783076200048,0,0,0,0,0,0,0,0.0633474745820349,0,0,0,0,0,0,0,0,0,0,0,0,0,0.0833834911382759,0,0,0,0,0,0,0,0,0.0959684727944311,0,0,0,0,0,0.0739017348297971,0,0
0.0787085838157217,0,0,0,0.0685794975223714,0,0,0,0,0,0,0,0,0,0,0,0,0,0,0.0684421385772206,0,0,0,0,0,0,0,0,0,0,0,0,0,0,0,0,0,0,0.0727658097743379,0,0,0,0,0,0,0,0.0878761485814526,0,0,0,0,0.0791858013771993,0,0,0,0,0,0,0,0,0,0,0,0,0,0,0,0,0.0698314114297294,0,0,0,0,0,0,0.0913705726714587,0,0,0,0,0,0,0,0,0,0,0,0,0,0,0,0,0,0,0.0932761870765583,0.0812272747722712,0,0,0,0
0,0,0,0,0,0,0.0966572819410386,0,0,0,0,0.0743462679053951,0,0,0.0860093020594626,0,0.055532835435224,0,0,0,0,0.093635908455772,0,0,0,0,0,0,0,0,0.0874054527543174,0,0,0,0,0,0,0,0,0,0,0,0,0,0,0,0,0,0,0,0,0,0,0,0,0,0.0757354370011273,0.0969029312949118,0,0,0,0,0,0,0.0848479165974491,0,0,0,0.0967452523492644,0,0,0,0,0,0,0,0,0,0,0,0,0,0,0,0,0,0,0,0,0,0,0,0,0,0,0,0,0,0,0
0,0,0.0769030999012466,0,0,0,0,0,0,0,0,0,0.0649062219303926,0,0,0,0,0,0,0,0,0.0755240630408178,0,0,0,0,0.097219664191365,0,0,0,0,0,0,0,0,0,0,0,0,0,0.0561358329172163,0.0837250181454317,0,0,0.0583245812305523,0,0,0,0,0,0,0,0,0,0,0,0,0,0,0,0,0,0,0,0,0,0,0,0.0789999565935136,0,0,0,0,0,0,0,0.0544476062820541,0,0,0,0,0,0,0,0,0,0,0,0,0,0,0,0,0,0,0,0,0,0,0.0686426855298586
0,0,0,0,0,0,0,0,0,0,0,0,0.071039728843333,0,0,0,0,0,0,0.0863914952138561,0,0,0,0,0,0,0,0,0,0,0.0546580985411002,0,0,0,0,0,0,0,0,0,0,0,0,0,0,0.0909659974342268,0,0,0.072783828658229,0,0,0,0,0.078882340286367,0,0,0,0,0,0.0532727426227329,0,0,0,0,0,0,0,0,0,0,0,0,0,0.0654880265096024,0,0,0,0,0,0,0,0,0,0.0536884319998487,0,0,0,0,0,0,0,0,0,0,0,0.0968071975018824,0,0,0,0
0,0,0,0,0.0953082192641675,0,0,0,0,0,0,0,0,0,0.0510521955197706,0,0,0,0,0,0,0,0,0,0,0,0,0,0,0,0,0,0,0,0,0,0.0658047829464188,0,0,0,0,0.0816227561879345,0,0,0,0,0,0.0840130397795559,0.0925068258281444,0,0,0,0,0,0,0,0,0,0,0,0,0,0,0,0,0.0863871957073542,0,0,0,0,0.0640211755750608,0,0,0.0921284306617897,0,0,0,0,0,0,0,0,0,0,0,0,0,0,0,0,0.0734920889516853,0,0,0,0,0,0,0,0,0
0,0,0,0,0,0,0,0.096280012768087,0,0,0.0505853856315774,0,0,0,0,0,0,0,0,0,0,0,0,0,0,0,0,0.0837278090417767,0,0,0,0,0,0,0,0,0,0,0.080718246350063,0,0,0,0,0,0,0,0,0.0640230834318123,0,0,0,0,0,0,0,0,0,0,0,0,0,0,0,0,0,0,0,0,0,0,0,0,0,0.0657825236800575,0.0604138620660371,0.0638275620591456,0,0,0,0.0688159751824749,0,0,0,0,0.0693047910080963,0,0,0,0,0,0,0,0,0,0,0,0,0,0,0
0,0.0689912024553088,0,0,0.0688320319497638,0,0,0,0,0.0998908806608238,0,0,0,0,0,0,0,0,0,0,0,0,0.0916680070680836,0,0,0,0,0,0,0.0729793738887545,0,0,0,0,0,0,0,0,0.0974867569120699,0,0,0,0,0,0,0.0819169554705897,0,0,0,0,0,0,0,0,0,0,0,0,0,0,0,0,0,0,0,0,0,0,0,0,0,0.0739107966026545,0,0,0.0595252926299021,0,0,0,0,0,0,0,0,0,0,0,0,0,0,0,0,0,0,0,0,0,0,0,0.0817279951081401,0
0,0,0,0,0,0,0,0,0.0848512297700965,0,0,0,0,0,0,0,0,0,0,0.0845571940458752,0,0,0,0,0,0,0,0,0,0,0,0,0,0,0,0,0,0,0,0,0,0,0,0.0873549547337961,0,0,0,0,0,0,0,0,0,0.0536507451016549,0,0.0962787666432846,0,0.0725876949474765,0.0989099561798719,0,0,0,0.0557653950881316,0,0,0,0,0,0,0,0,0,0,0,0,0,0,0,0,0,0,0,0,0,0,0,0,0,0.0627041185632562,0,0,0.0958495713414294,0,0,0,0,0,0,0,0
0,0,0,0,0,0,0,0,0.0694980896281177,0,0,0,0,0,0.0589499010226616,0,0,0.059101153216498,0,0,0,0,0.0631058381180813,0,0,0,0.0920474041231322,0,0,0,0,0,0,0,0,0,0,0,0,0,0,0,0.0949117582998813,0,0,0,0,0.0821899101319632,0,0,0,0,0,0,0,0,0.0797943543167243,0,0,0,0,0,0,0,0,0,0,0,0,0,0,0,0,0,0,0,0,0,0,0,0,0,0,0,0,0,0,0,0,0,0,0,0,0,0.0853657542385975,0,0,0.0946990391021848,0,0
0,0,0,0,0,0,0,0,0,0,0,0,0,0,0,0,0,0,0,0,0,0.0712892764157095,0,0,0,0,0,0,0,0,0,0,0,0.0532000980586833,0,0,0,0,0,0,0,0,0,0.0679671421086025,0,0,0,0.0933758572030922,0,0,0.0678107637726657,0,0,0.0572476948894129,0,0,0,0.0586455655556489,0,0,0.0604421438526079,0,0,0,0,0,0,0,0,0,0,0,0.0543846974627984,0.073233777080981,0,0,0,0,0,0,0,0,0,0,0,0,0,0,0,0,0,0,0,0,0,0,0,0,0,0
0,0,0,0,0,0,0,0,0,0,0,0,0,0,0,0,0,0,0,0,0,0,0,0,0.0831016856399358,0,0,0,0,0.0566477093282031,0,0,0,0,0,0,0,0.06354643438681,0,0,0,0,0,0,0,0,0,0,0.09065047339061,0,0,0,0,0,0,0,0,0,0,0,0,0,0.0754854200411367,0,0,0.0841778156787132,0,0,0.0836249490233088,0,0,0,0,0,0.0512230223257843,0,0,0,0,0,0,0,0,0,0,0.0748905723163906,0,0,0,0,0,0,0,0,0,0,0.0703713204120169,0,0,0
0,0,0,0,0,0,0,0,0,0,0,0,0,0,0,0,0.0961146711093988,0,0.0535177104581347,0,0,0,0,0,0,0,0.0733793521336185,0,0,0.0769654695197958,0,0,0,0,0,0,0,0,0,0,0,0.0511676091976507,0,0,0,0.0509780969724538,0,0,0,0,0,0,0,0,0,0,0,0.0630187278954171,0,0,0,0,0,0.0794218737371449,0,0.0558670698466718,0,0,0,0,0,0,0.0882809751195531,0,0,0,0,0,0,0,0,0,0,0,0,0,0,0,0,0,0,0,0,0,0,0,0,0,0,0
0,0,0,0,0,0,0,0,0,0,0,0,0,0,0,0,0,0.0531307651125015,0,0,0,0,0,0,0,0,0,0,0,0.0559807953292671,0,0,0,0,0,0,0,0,0,0,0,0,0,0.0834830798294299,0,0,0,0,0,0,0,0,0,0,0,0.0753377360008052,0,0.0922419652283555,0.0719854879775051,0,0,0,0,0,0,0,0,0.0685959930333032,0,0,0.0927553482307912,0,0,0,0,0,0,0,0,0,0,0,0,0,0,0,0,0,0,0,0,0,0,0,0,0.0554038075727486,0,0,0.0501773757260244,0
0,0,0,0,0,0,0,0,0,0,0,0,0,0,0,0,0,0,0,0,0,0,0,0,0.077359091009942,0,0,0.0990858352499442,0,0,0.0541416515344986,0,0,0,0.0771217858057738,0,0,0,0,0,0,0,0,0,0,0,0,0,0,0,0,0,0,0,0,0.0962802992898387,0,0,0,0,0,0,0,0,0,0,0,0,0,0,0.0839508954405644,0,0,0,0.0522061398149523,0,0.0552408164252737,0,0,0,0,0,0,0,0,0,0,0,0,0,0,0,0,0,0,0,0,0,0.074929000460767,0.0894166433104251
0,0,0,0,0,0,0,0,0,0,0,0,0.085894931485422,0,0,0,0,0,0,0,0,0,0,0,0,0,0,0,0.0837371049012299,0,0.0592571426198358,0.0815524438842949,0,0,0,0,0,0,0,0,0,0.0643569834454937,0,0.0784174392409784,0,0,0,0,0,0,0,0,0,0,0,0,0,0,0,0,0,0,0,0,0.0822542600371755,0,0,0,0,0,0,0,0.093721559242447,0,0,0,0,0,0,0,0,0,0,0.0565190257959339,0,0,0,0,0,0,0,0,0,0.078046685498693,0,0,0,0,0,0
0,0,0,0,0,0,0,0,0,0,0,0,0,0,0,0,0.0695859560987044,0,0,0,0,0,0,0,0,0.0997734563615066,0,0,0,0,0,0,0,0,0,0,0,0,0,0,0,0,0,0,0.0512915886876046,0,0,0,0,0,0,0,0,0,0,0,0,0,0,0.0615647266854918,0.0853326183871273,0.0853328382525266,0.0659605772815534,0.0801688530775182,0,0,0,0,0,0,0,0,0,0,0,0,0,0,0,0,0,0,0,0,0,0.089833924479903,0.0951145432737753,0,0,0,0,0,0,0,0,0,0,0,0,0
0,0,0,0,0,0.0769873057841292,0.0574708578152685,0,0,0,0.0800344007594577,0,0.0689081208237737,0,0,0,0.076010416035057,0,0,0,0,0,0,0,0,0,0,0,0,0,0,0,0,0.0525327459840112,0,0,0,0,0,0,0,0,0,0,0,0,0.0927974310607178,0,0,0,0,0,0,0,0,0,0,0,0,0,0,0,0,0,0,0,0,0,0,0,0,0,0,0,0,0,0.0667654035528781,0,0,0,0,0,0,0,0,0,0,0.0836884934373898,0,0,0,0,0,0,0,0,0,0,0,0.0729635405898624
0,0,0,0,0,0,0,0.0999936786383163,0,0,0.0987067179787436,0,0,0,0,0,0,0,0,0.0825665788602983,0,0.0532984831698299,0.0634922055727984,0,0,0,0,0,0,0,0,0,0,0,0.0528633579169275,0,0,0.0822228012564073,0,0,0.0998301639998155,0,0,0,0,0,0,0,0,0,0,0,0,0,0,0,0,0,0,0,0,0,0.0520980426975002,0,0,0,0,0,0,0,0,0,0.0792522696117545,0,0,0,0,0,0,0,0,0,0,0,0,0,0,0,0,0,0,0,0,0,0,0,0,0,0,0
0,0,0,0,0,0,0.0795447709584231,0.0759014158245298,0,0,0,0,0,0,0,0,0,0,0,0,0,0,0,0,0,0,0,0,0,0.0771125676287567,0,0,0,0,0,0,0,0,0,0,0,0,0.0561886530754388,0,0,0,0,0,0,0,0,0,0.0842327048722151,0,0,0,0,0,0,0,0,0,0,0.0756706578923709,0,0,0,0,0,0,0,0,0,0,0.0763450156325851,0,0,0,0,0,0.0803354617744301,0,0,0,0,0,0,0,0.0821734566011999,0,0,0,0,0,0,0,0,0,0,0.0708464067882222
0,0,0,0.0545602196163055,0,0,0,0.0980089608372499,0,0,0,0,0,0,0,0,0,0,0,0,0,0,0,0.086444949648032,0,0.0654973080420627,0,0,0,0,0,0,0,0,0,0.0935287918418852,0,0,0,0,0,0,0,0,0,0,0,0,0,0,0,0,0,0,0,0,0,0,0,0,0,0,0.0816485046426696,0,0,0.081339142873275,0,0,0,0,0,0,0,0,0,0,0,0,0,0,0,0,0.0804412657037927,0,0,0,0,0,0,0,0,0,0,0,0.0891595343079746,0,0,0.0762523567757034,0,0
0.0952671946138331,0,0,0,0,0,0,0,0,0.0603836815203572,0,0,0,0,0,0,0,0,0,0,0.0930406627244688,0,0,0,0,0,0.0814558278353552,0,0,0,0,0,0,0,0,0,0,0,0,0,0,0,0,0,0,0,0,0,0,0,0,0,0,0,0,0.0784772071823883,0.0927400125270632,0,0,0,0,0,0,0,0,0,0.0787786861474285,0.0691492784520806,0,0,0,0,0,0,0,0,0,0,0,0,0,0,0,0,0.0778890104575602,0,0,0,0,0,0,0,0,0,0,0,0.0536922919442088,0,0,0
0.0705426831362014,0,0,0,0.0777680594368748,0,0,0,0,0,0,0,0,0,0,0,0,0,0,0,0.0811916917785026,0,0.0929455854099654,0,0,0,0,0,0,0,0,0,0,0,0,0,0,0,0,0,0,0,0,0,0,0,0,0,0,0,0.0633438573495687,0,0.0995385847188895,0,0,0,0,0,0,0.0684350501400979,0,0,0,0,0,0,0,0.0662915161767668,0,0,0,0,0,0,0,0,0,0,0,0,0,0,0,0,0,0,0,0,0,0,0.0620506962790394,0.0883921484957385,0,0,0,0,0,0,0,0
0,0,0.0985915269202879,0,0.0605713072517695,0,0,0,0,0,0,0,0,0,0,0,0,0,0,0,0,0,0.0726638092777421,0,0.0873126171441384,0,0,0,0,0,0,0,0,0,0,0,0,0,0,0.0669693141027723,0,0.0536057820490759,0,0,0.0901071191205844,0,0,0,0,0,0,0,0,0,0,0.0878815770909703,0,0,0,0.090242189883128,0,0,0,0,0,0,0,0,0,0,0,0,0,0,0.075021575004702,0,0,0,0,0,0,0,0,0,0,0,0,0,0,0,0,0,0,0,0,0,0,0,0,0
0,0.052245726973261,0,0,0,0,0,0,0,0,0,0.0652025991850934,0,0.0679029140026506,0,0,0,0,0,0,0,0,0,0,0,0,0,0.0583139839266763,0,0,0,0,0,0,0,0,0,0,0,0,0,0,0,0,0,0,0,0,0,0,0,0,0.0708367756917135,0,0,0,0,0,0,0,0,0,0,0,0,0,0,0,0,0,0,0,0,0,0.0658584602059509,0,0,0,0,0,0,0,0,0,0,0,0,0,0.093728465131271,0.0925523257322507,0.0979547074779077,0,0,0,0.092247345789984,0,0,0,0,0
0,0,0,0,0,0,0,0,0,0,0,0.0872597200434333,0,0,0,0,0,0,0,0,0,0,0,0,0,0,0,0,0,0,0,0.085651475313679,0,0,0,0,0,0,0,0,0,0,0,0.0822035927016596,0,0,0,0,0,0,0,0,0,0,0,0,0,0,0,0,0,0,0,0,0,0.0671660440782184,0.0996246326628007,0.0552123145631389,0,0.0822498900168527,0,0,0,0,0.0832155394661927,0,0,0,0,0,0,0,0,0,0,0,0,0,0,0.0758403919071697,0,0.0985508576805852,0,0,0,0,0,0,0,0
0,0,0.0780802975212666,0,0,0,0,0,0,0,0,0,0,0,0.0589976147481674,0,0,0,0,0,0,0.0741503087521753,0,0.091382325485292,0,0,0,0,0,0,0,0,0,0,0,0,0,0,0,0,0,0,0,0,0,0,0,0,0,0.0847690480197083,0,0,0,0,0,0,0,0,0.0514563079692302,0,0,0,0,0,0,0,0,0,0,0,0,0,0.0559551612753129,0,0,0,0,0,0,0,0,0,0,0,0,0,0,0,0.0561851981922951,0.0763869227544547,0,0,0,0,0,0,0.076639756449356,0,0,0
0.0509004093524713,0,0,0,0,0,0,0,0,0,0,0,0,0,0,0,0,0,0,0,0,0,0,0,0,0,0,0,0,0,0,0,0,0,0,0,0,0,0,0,0,0,0,0,0,0,0,0.0609933301347791,0,0,0,0.0820935820261296,0,0.0599835426683444,0,0.0740291984641617,0,0,0,0,0,0,0,0,0,0,0,0,0,0,0,0,0,0.0976908513333721,0.099762866407273,0,0,0,0,0,0,0.0556906476705529,0,0,0,0,0,0.066201567833159,0,0,0,0,0,0,0,0,0.059230245457731,0,0,0
0,0,0,0,0,0,0,0,0,0,0,0,0,0.0723683666428299,0,0,0,0,0,0,0,0,0,0,0,0,0,0,0,0,0,0.0607228879762905,0,0.0626152046746484,0,0,0,0,0,0,0,0,0,0,0,0,0,0,0.0609318323411049,0,0,0,0,0,0,0,0,0,0,0,0,0.0817104673018611,0,0,0,0,0,0,0,0,0,0,0,0,0,0.0807303887908849,0,0,0,0,0,0,0.068518446950033,0.0775334546387133,0,0,0,0,0,0,0,0,0,0,0,0.0666806082105585,0,0,0,0.0526258708443906
0,0,0,0,0,0,0,0,0,0,0,0,0,0,0,0,0,0,0,0,0.0741283401532229,0.0658488889937763,0,0,0,0.0869623374326032,0,0,0,0,0,0,0,0,0.0957915494308575,0,0,0,0,0,0,0,0,0,0,0,0,0,0,0,0,0,0,0,0,0,0,0,0,0.0653368515676589,0,0,0,0,0,0,0,0,0,0,0,0,0,0,0,0,0.0519457801554337,0,0,0,0,0,0,0,0,0,0.0927594661169466,0,0.0828813304033195,0,0,0,0,0,0,0.0906125635971947,0.0609819854715035,0,0,0
0,0,0,0,0.076384456006788,0,0,0,0,0,0,0,0,0,0,0,0.0553768764585437,0,0,0,0,0,0,0,0,0,0,0.0917903214699754,0,0,0,0,0,0,0,0,0,0,0,0.0550041600029912,0,0,0,0.0955780758624713,0,0,0,0,0.0584068598955276,0,0,0,0,0.0753396161562738,0,0,0,0.056044142263138,0,0,0,0,0,0,0,0,0,0,0,0,0,0,0,0,0,0,0.058523592454317,0,0,0,0,0,0,0,0,0,0,0,0,0,0,0,0,0,0,0,0.0990888648985629,0,0,0
0.0866608333838696,0,0,0,0,0,0,0,0,0,0.0593583841465573,0,0,0,0,0,0.0899626590378065,0,0,0,0,0,0,0,0,0,0,0,0,0,0,0,0,0,0,0.0751477742780248,0,0,0,0.0653650892285971,0,0,0,0,0,0,0,0,0,0,0,0,0,0,0,0,0,0,0,0,0,0,0,0,0,0,0,0,0,0,0,0,0,0,0,0,0,0.0607959362270476,0,0.0941028958207813,0,0,0.070476645660557,0,0,0,0,0,0,0,0,0,0.0755451494074277,0,0,0,0,0,0,0.0606504762787099
0,0,0,0,0,0,0,0,0,0,0,0,0,0,0,0,0,0,0,0,0,0,0,0,0,0,0.0910652352045235,0,0,0,0,0,0,0,0,0,0,0,0,0,0.0725796364052893,0,0,0,0,0,0,0,0,0.0855464712988188,0,0,0,0,0,0,0,0,0,0,0,0.0870426531990209,0,0,0,0,0,0.0646693005130426,0,0,0,0.0735279898818923,0,0,0,0.0766474534992126,0,0,0,0,0.0863544019772791,0.0847408354787537,0,0.0606565533624142,0,0,0,0,0,0,0,0,0,0,0,0,0,0,0,0
0,0.0990006177860561,0,0,0,0,0,0,0,0,0.0962494060377169,0,0,0,0,0.0500909164630144,0,0,0,0,0,0,0.076907624253152,0,0,0,0,0,0,0,0,0,0,0,0,0,0,0,0,0,0,0,0,0,0,0,0.0983846299033586,0,0,0.051616922732333,0,0,0,0,0,0,0,0,0,0,0,0.0892409785233809,0,0,0,0.074945436798973,0.0969810297743628,0,0,0,0,0,0,0,0,0,0,0,0,0,0,0,0,0,0,0,0,0,0,0,0,0,0,0,0,0,0,0,0.0886497796776919,0
0,0,0,0,0,0,0,0,0.0512016003944697,0.0605839437087573,0,0,0,0,0,0,0,0,0,0,0.0714367336749195,0,0,0.0746940621539314,0,0,0,0,0,0,0,0,0.0823832617176764,0,0,0,0,0,0,0,0,0,0,0,0,0,0,0,0,0,0.0779159954998565,0,0,0,0,0,0,0,0,0,0,0,0,0,0,0,0,0,0.0529512040252814,0,0,0,0,0.0975415734974971,0,0,0.0504508250120147,0,0,0,0,0,0,0,0,0,0,0,0,0,0,0,0,0,0,0,0,0,0,0.0722858558039969
0.0779439206947978,0,0,0,0,0,0,0,0,0,0.0582481112263693,0,0,0,0,0,0.0836498636611295,0,0,0,0,0,0,0,0.0941904396982499,0,0,0,0,0,0,0,0,0,0,0,0,0.0856039826956161,0,0,0,0.0848283431497782,0,0.0598516275586992,0,0.0673938582676484,0,0,0,0,0,0,0,0,0.0785171020206272,0,0,0,0,0,0,0,0,0,0,0,0,0,0,0,0,0,0,0,0.0851853599417104,0,0,0,0,0,0,0,0,0,0,0,0,0,0,0,0,0,0,0,0,0,0,0,0,0
0,0,0,0,0.0701365064412952,0,0,0,0,0,0,0,0,0,0,0,0,0,0,0,0,0,0,0,0,0,0,0,0,0,0.0666331128285753,0,0.0548865678129009,0,0,0,0,0,0,0.0904962163853232,0,0,0,0,0,0,0,0,0,0.0875326268231616,0,0,0,0,0,0,0,0,0,0,0,0,0,0,0,0,0,0,0,0.0975263612589673,0,0,0.0524629830698485,0,0,0,0,0,0,0,0,0,0,0,0.075724768262687,0,0,0,0,0.0859541893473894,0,0,0,0,0.0631998724646502,0,0,0,0,0
0,0,0.0897507998258406,0,0,0,0.06677833807945,0,0,0,0,0,0,0,0,0.0508663628669055,0,0.0924377837745538,0,0.0825205992896469,0,0,0,0,0,0,0,0,0.077275114853651,0,0,0,0,0,0,0,0,0,0,0.0571480100277825,0,0,0,0,0,0,0,0,0,0,0,0,0,0,0,0,0,0,0,0,0,0,0,0,0,0,0,0,0,0,0,0,0,0,0.0813849987145914,0,0,0,0,0,0,0.0801706552534842,0,0,0,0,0,0,0,0,0,0,0,0,0,0,0.0976795823333016,0,0,0
0,0,0,0,0,0,0,0.0879030705696217,0,0,0,0,0,0,0,0,0,0,0,0.0537709318861741,0,0,0,0.0921743485584022,0,0,0.0569392910207803,0,0.0911478130531248,0,0,0,0,0,0,0,0,0,0,0,0,0,0,0,0.0900823336878819,0,0,0.0954624253940736,0,0.0810686874244611,0,0,0,0,0,0,0,0.0704548928577206,0,0,0,0,0,0,0,0,0,0,0,0,0,0,0,0.0853180405698264,0,0,0,0,0,0,0,0,0,0,0,0,0,0,0,0,0,0,0,0,0,0,0,0,0,0
0,0,0,0.0961969137062826,0,0.0595577887654631,0,0,0,0,0,0,0,0,0,0,0,0,0,0.0906837308240003,0,0,0,0,0,0,0,0.0649748662588402,0,0,0,0,0,0,0,0,0,0,0,0,0,0,0.0726522270316722,0.0563337254128076,0,0,0,0,0,0,0,0.0926773035395092,0.052874093334638,0,0,0,0,0,0,0,0,0,0,0,0.0587506094603256,0,0,0,0,0,0,0,0,0,0,0,0,0,0,0,0,0,0,0,0,0,0,0,0,0,0,0,0,0,0,0,0,0,0,0.0782798580588268
0,0.0624680824232289,0,0,0,0,0,0,0,0.0672316004934778,0,0.0577456743675319,0,0,0,0,0,0,0,0,0,0,0,0,0,0,0,0.0591992925830543,0.0955898336586544,0,0,0,0,0,0,0,0,0,0,0,0,0,0,0,0,0,0.0700560199710683,0.0788245678396849,0,0,0,0,0,0.0997917429890247,0,0,0,0,0,0,0,0,0,0,0,0,0,0,0,0,0,0,0,0,0,0,0,0,0,0,0,0,0,0,0,0.0599265384479498,0,0,0,0,0,0,0,0.0607066770968852,0,0,0,0,0,0
0,0,0,0,0,0,0.0556195781162236,0,0,0.0639020562991588,0,0,0,0,0,0,0,0,0.0740463641598035,0,0,0,0.0945618492198407,0,0,0,0,0,0,0,0,0,0,0,0,0,0,0.0741899154731559,0,0,0,0,0,0,0,0,0,0.0714365004919617,0,0,0.0848945561040641,0,0,0,0,0,0,0,0,0,0,0,0,0,0,0,0,0,0,0.0715858727996181,0,0,0,0,0,0,0,0,0,0,0,0,0,0,0.0754675904255176,0,0,0,0,0,0,0,0,0,0,0.0626556799320336,0,0,0,0
0,0,0,0,0,0,0,0,0,0,0,0,0,0,0,0,0,0,0,0,0,0,0,0,0,0,0,0,0,0,0,0,0,0,0,0,0,0,0.0842496605210875,0,0,0,0.0596035119393146,0,0,0,0,0,0,0,0,0,0,0.095222146406225,0,0.0562612479624479,0,0.078450450469632,0,0,0.0840684344506054,0,0,0,0,0,0,0,0,0,0,0.0926742164345019,0,0,0,0,0,0,0,0,0,0,0,0,0,0.050887330732537,0,0,0,0,0,0.0826657931926797,0.0994416657571576,0,0,0,0,0,0,0
0,0,0,0,0,0,0,0.0967524885497605,0,0,0,0,0,0,0,0.0926985461020732,0,0,0,0.0676391023051308,0,0,0,0.0900711035854196,0,0,0,0,0,0,0,0,0.0570432994382722,0,0,0,0,0,0,0,0,0,0,0.0553131201634612,0,0,0,0,0,0.0696682441445858,0,0,0,0,0,0,0,0,0,0,0,0.0951238857579253,0,0,0.0963638905009382,0,0,0,0,0,0,0,0,0,0,0,0,0,0,0,0,0,0,0,0,0,0,0,0,0,0.0859999582764373,0,0,0,0,0,0,0,0,0
0,0.0883134886375654,0,0,0.0790327974334588,0,0,0,0,0,0,0,0,0,0,0,0,0,0,0,0.0883041240829813,0,0,0,0,0.0744035849654531,0,0,0,0,0,0,0,0,0,0,0,0,0,0,0,0,0,0,0,0,0,0,0,0.0904309045436207,0,0,0,0,0,0,0,0,0,0,0,0,0,0,0,0,0,0.0957134781738836,0.0989654584903331,0,0.0746288166179527,0,0,0,0,0,0,0,0,0,0,0,0,0,0,0,0,0,0,0,0,0.0688787353930991,0,0,0,0,0,0,0.0708458029322758,0
0,0,0,0,0,0,0,0,0,0,0,0,0,0,0,0,0,0,0,0,0,0,0,0,0,0,0,0,0,0.090173294402049,0.0630644824856292,0,0,0.0585707654645789,0,0,0,0.0762521294854026,0,0.0989155963235563,0.0994986973853798,0,0,0,0,0,0,0,0,0,0,0,0,0,0,0,0,0,0,0,0,0,0,0,0,0,0,0,0,0,0,0,0,0,0,0.081387090303181,0,0,0,0,0,0,0,0,0,0,0.0558038842321602,0,0,0,0,0.098353358323522,0,0,0,0,0,0,0,0.05912973710111
0,0,0,0,0,0,0,0,0.0996019658913171,0,0.0603019343982722,0,0,0,0,0,0,0,0.0711541066257447,0,0,0,0,0,0,0,0,0.0945467465823375,0,0,0,0,0,0,0,0,0,0,0,0.0510062532445327,0,0,0,0.0562851940790193,0,0,0,0,0,0,0,0,0,0,0,0.0790923199573672,0,0,0,0,0,0,0,0,0,0,0,0,0,0,0,0,0,0,0.0500230955135415,0,0,0,0,0,0,0,0,0,0,0,0,0,0,0,0,0,0.0818015793627061,0,0,0.0823098714883308,0,0,0,0
0.0710371598650672,0,0,0,0,0,0,0,0,0,0.0938541552209382,0,0,0,0,0,0,0,0.0605978893807171,0,0,0,0,0.0527973916554289,0,0,0,0,0,0,0,0,0,0,0,0,0,0,0,0,0,0,0,0,0,0,0,0,0,0,0,0,0,0,0,0,0.0706424280919989,0,0,0,0,0,0,0,0,0,0,0,0.0604924336939631,0,0,0,0,0,0,0,0,0,0,0.0790773328900797,0,0,0,0,0,0,0,0,0.0947995869312467,0.0854518216400669,0,0,0,0,0,0,0,0.0841055426922658,0,0
